[
{
  "name":"[B"
},
{
  "name":"[Ljava.lang.String;"
},
{
  "name":"[Ljavafx.collections.transformation.SortedList$Element;"
},
{
  "name":"[Lsun.security.pkcs.SignerInfo;"
},
{
  "name":"com.gluonMobile.MobileApplication",
  "methods":[
    {"name":"<init>","parameterTypes":[] }, 
    {"name":"main","parameterTypes":["java.lang.String[]"] }
  ]
},
{
  "name":"com.gluonMobile.model.DarazSellerModel.GetRequest.GsonBodyModel.AttributeModel.Advanced",
  "allDeclaredFields":true,
  "methods":[{"name":"<init>","parameterTypes":[] }]
},
{
  "name":"com.gluonMobile.model.DarazSellerModel.GetRequest.GsonBodyModel.AttributeModel.Attributes",
  "allDeclaredFields":true,
  "methods":[{"name":"<init>","parameterTypes":[] }]
},
{
  "name":"com.gluonMobile.model.DarazSellerModel.GetRequest.GsonBodyModel.AttributeModel.Options",
  "allDeclaredFields":true,
  "methods":[{"name":"<init>","parameterTypes":[] }]
},
{
  "name":"com.gluonMobile.model.DarazSellerModel.GetRequest.GsonBodyModel.BrandModel.Brand",
  "allDeclaredFields":true,
  "methods":[{"name":"<init>","parameterTypes":[] }]
},
{
  "name":"com.gluonMobile.model.DarazSellerModel.GetRequest.GsonBodyModel.OrderModel.AddressBilling",
  "allDeclaredFields":true,
  "methods":[{"name":"<init>","parameterTypes":[] }]
},
{
  "name":"com.gluonMobile.model.DarazSellerModel.GetRequest.GsonBodyModel.OrderModel.AddressShipping",
  "allDeclaredFields":true,
  "methods":[{"name":"<init>","parameterTypes":[] }]
},
{
  "name":"com.gluonMobile.model.DarazSellerModel.GetRequest.GsonBodyModel.OrderModel.Order",
  "allDeclaredFields":true
},
{
  "name":"com.gluonMobile.model.DarazSellerModel.GetRequest.GsonBodyModel.ResponseModel.Head",
  "allDeclaredFields":true
},
{
  "name":"com.gluonMobile.model.DarazSellerModel.GetRequest.GsonBodyModel.TreeCategoryModel.Children",
  "allDeclaredFields":true,
  "methods":[{"name":"<init>","parameterTypes":[] }]
},
{
  "name":"com.gluonMobile.model.DarazSellerModel.GetRequest.GsonBodyModel.TreeCategoryModel.TreeCategoryNode",
  "allDeclaredFields":true,
  "methods":[{"name":"<init>","parameterTypes":[] }]
},
{
  "name":"com.gluonMobile.model.TableModelData.AttributesTableData",
  "allDeclaredFields":true
},
{
  "name":"com.gluonMobile.model.TableModelData.BrandTableData",
  "allDeclaredFields":true
},
{
  "name":"com.gluonMobile.model.TableModelData.BrandsTableData",
  "allDeclaredFields":true
},
{
  "name":"com.gluonMobile.model.TableModelData.OrdersTableData",
  "allDeclaredFields":true
},
{
  "name":"com.gluonMobile.views.ApiPresenter",
  "allDeclaredFields":true,
  "queryAllDeclaredMethods":true,
  "methods":[
    {"name":"<init>","parameterTypes":[] }, 
    {"name":"initialize","parameterTypes":[] }
  ]
},
{
  "name":"com.gluonMobile.views.DashboardPresenter",
  "allDeclaredFields":true,
  "queryAllDeclaredMethods":true,
  "methods":[
    {"name":"<init>","parameterTypes":[] }, 
    {"name":"initialize","parameterTypes":[] }
  ]
},
{
  "name":"com.gluonMobile.views.LoginPresenter",
  "allDeclaredFields":true,
  "queryAllDeclaredMethods":true,
  "methods":[
    {"name":"<init>","parameterTypes":[] }, 
    {"name":"initialize","parameterTypes":[] }, 
    {"name":"showRegisterStage","parameterTypes":["javafx.event.ActionEvent"] }
  ]
},
{
  "name":"com.gluonMobile.views.RegistrationPresenter",
  "allDeclaredFields":true,
  "queryAllDeclaredMethods":true,
  "methods":[
    {"name":"<init>","parameterTypes":[] }, 
    {"name":"initialize","parameterTypes":[] }
  ]
},
{
  "name":"com.gluonMobile.views.ScrappingPresenter",
  "allDeclaredFields":true,
  "queryAllDeclaredMethods":true,
  "methods":[
    {"name":"<init>","parameterTypes":[] }, 
    {"name":"initialize","parameterTypes":[] }
  ]
},
{
  "name":"com.gluonhq.charm.glisten.application.GlassPane"
},
{
  "name":"com.gluonhq.charm.glisten.control.skin.GlistenButtonSkin",
  "queryAllPublicConstructors":true,
  "methods":[{"name":"<init>","parameterTypes":["javafx.scene.control.Button"] }]
},
{
  "name":"com.gluonhq.charm.glisten.mvc.View",
  "queryAllDeclaredMethods":true,
  "queryAllPublicConstructors":true,
  "methods":[{"name":"<init>","parameterTypes":[] }]
},
{
  "name":"com.gluonmobile.MobileApplication",
  "methods":[
    {"name":"<init>","parameterTypes":[] }, 
    {"name":"main","parameterTypes":["java.lang.String[]"] }
  ]
},
{
  "name":"com.gluonmobile.model.DarazSellerModel.GetRequest.GsonBodyModel.AttributeModel.Advanced",
  "allDeclaredFields":true,
  "methods":[{"name":"<init>","parameterTypes":[] }]
},
{
  "name":"com.gluonmobile.model.DarazSellerModel.GetRequest.GsonBodyModel.AttributeModel.Attributes",
  "allDeclaredFields":true,
  "methods":[{"name":"<init>","parameterTypes":[] }]
},
{
  "name":"com.gluonmobile.model.DarazSellerModel.GetRequest.GsonBodyModel.AttributeModel.Options",
  "allDeclaredFields":true,
  "methods":[{"name":"<init>","parameterTypes":[] }]
},
{
  "name":"com.gluonmobile.model.DarazSellerModel.GetRequest.GsonBodyModel.BrandModel.Brand",
  "allDeclaredFields":true,
  "methods":[{"name":"<init>","parameterTypes":[] }]
},
{
  "name":"com.gluonmobile.model.DarazSellerModel.GetRequest.GsonBodyModel.OrderModel.AddressBilling",
  "allDeclaredFields":true,
  "methods":[{"name":"<init>","parameterTypes":[] }]
},
{
  "name":"com.gluonmobile.model.DarazSellerModel.GetRequest.GsonBodyModel.OrderModel.AddressShipping",
  "allDeclaredFields":true,
  "methods":[{"name":"<init>","parameterTypes":[] }]
},
{
  "name":"com.gluonmobile.model.DarazSellerModel.GetRequest.GsonBodyModel.OrderModel.Order",
  "allDeclaredFields":true
},
{
  "name":"com.gluonmobile.model.DarazSellerModel.GetRequest.GsonBodyModel.ResponseModel.Head",
  "allDeclaredFields":true
},
{
  "name":"com.gluonmobile.model.DarazSellerModel.GetRequest.GsonBodyModel.TreeCategoryModel.Children",
  "allDeclaredFields":true,
  "methods":[{"name":"<init>","parameterTypes":[] }]
},
{
  "name":"com.gluonmobile.model.TableModelData.AttributesTableData",
  "allDeclaredFields":true
},
{
  "name":"com.gluonmobile.model.TableModelData.BrandsTableData",
  "allDeclaredFields":true
},
{
  "name":"com.gluonmobile.model.TableModelData.OrdersTableData",
  "allDeclaredFields":true
},
{
  "name":"com.gluonmobile.views.ApiPresenter",
  "allDeclaredFields":true,
  "queryAllDeclaredMethods":true,
  "methods":[
    {"name":"<init>","parameterTypes":[] }, 
    {"name":"initialize","parameterTypes":[] }
  ]
},
{
  "name":"com.gluonmobile.views.LoginPresenter",
  "allDeclaredFields":true,
  "queryAllDeclaredMethods":true,
  "methods":[
    {"name":"<init>","parameterTypes":[] }, 
    {"name":"initialize","parameterTypes":[] }
  ]
},
{
  "name":"com.gluonmobile.views.ScrappingPresenter",
  "allDeclaredFields":true,
  "queryAllDeclaredMethods":true,
  "methods":[
    {"name":"<init>","parameterTypes":[] }, 
    {"name":"initialize","parameterTypes":[] }
  ]
},
{
  "name":"com.sun.crypto.provider.AESCipher$General",
  "methods":[{"name":"<init>","parameterTypes":[] }]
},
{
  "name":"com.sun.crypto.provider.ARCFOURCipher",
  "methods":[{"name":"<init>","parameterTypes":[] }]
},
{
  "name":"com.sun.crypto.provider.ChaCha20Cipher$ChaCha20Poly1305",
  "methods":[{"name":"<init>","parameterTypes":[] }]
},
{
  "name":"com.sun.crypto.provider.DESCipher",
  "methods":[{"name":"<init>","parameterTypes":[] }]
},
{
  "name":"com.sun.crypto.provider.DESedeCipher",
  "methods":[{"name":"<init>","parameterTypes":[] }]
},
{
  "name":"com.sun.crypto.provider.DHParameters",
  "methods":[{"name":"<init>","parameterTypes":[] }]
},
{
  "name":"com.sun.crypto.provider.GaloisCounterMode$AESGCM",
  "methods":[{"name":"<init>","parameterTypes":[] }]
},
{
  "name":"com.sun.crypto.provider.HmacCore$HmacSHA256",
  "methods":[{"name":"<init>","parameterTypes":[] }]
},
{
  "name":"com.sun.crypto.provider.TlsKeyMaterialGenerator",
  "methods":[{"name":"<init>","parameterTypes":[] }]
},
{
  "name":"com.sun.crypto.provider.TlsMasterSecretGenerator",
  "methods":[{"name":"<init>","parameterTypes":[] }]
},
{
  "name":"com.sun.crypto.provider.TlsPrfGenerator$V12",
  "methods":[{"name":"<init>","parameterTypes":[] }]
},
{
  "name":"com.sun.javafx.font.freetype.FTFactory",
  "methods":[{"name":"getFactory","parameterTypes":[] }]
},
{
  "name":"com.sun.javafx.logging.PrintLogger",
  "methods":[{"name":"createInstance","parameterTypes":[] }]
},
{
  "name":"com.sun.javafx.logging.jfr.JFRPulseLogger",
  "methods":[{"name":"createInstance","parameterTypes":[] }]
},
{
  "name":"com.sun.javafx.reflect.Trampoline",
  "methods":[{"name":"invoke","parameterTypes":["java.lang.reflect.Method","java.lang.Object","java.lang.Object[]"] }]
},
{
  "name":"com.sun.javafx.scene.control.skin.Utils",
  "methods":[{"name":"getResource","parameterTypes":["java.lang.String"] }]
},
{
  "name":"com.sun.javafx.tk.quantum.QuantumToolkit",
  "methods":[{"name":"<init>","parameterTypes":[] }]
},
{
  "name":"com.sun.prism.GraphicsPipeline",
  "methods":[
    {"name":"getFontFactory","parameterTypes":[] }, 
    {"name":"getPipeline","parameterTypes":[] }
  ]
},
{
  "name":"com.sun.prism.shader.DrawCircle_Color_Loader",
  "methods":[{"name":"loadShader","parameterTypes":["com.sun.prism.ps.ShaderFactory","java.io.InputStream"] }]
},
{
  "name":"com.sun.prism.shader.FillCircle_Color_Loader",
  "methods":[{"name":"loadShader","parameterTypes":["com.sun.prism.ps.ShaderFactory","java.io.InputStream"] }]
},
{
  "name":"com.sun.prism.shader.FillPgram_Color_Loader",
  "methods":[{"name":"loadShader","parameterTypes":["com.sun.prism.ps.ShaderFactory","java.io.InputStream"] }]
},
{
  "name":"com.sun.prism.shader.FillPgram_LinearGradient_PAD_Loader",
  "methods":[{"name":"loadShader","parameterTypes":["com.sun.prism.ps.ShaderFactory","java.io.InputStream"] }]
},
{
  "name":"com.sun.prism.shader.FillRoundRect_Color_Loader",
  "methods":[{"name":"loadShader","parameterTypes":["com.sun.prism.ps.ShaderFactory","java.io.InputStream"] }]
},
{
  "name":"com.sun.prism.shader.Mask_TextureSuper_Loader",
  "methods":[{"name":"loadShader","parameterTypes":["com.sun.prism.ps.ShaderFactory","java.io.InputStream"] }]
},
{
  "name":"com.sun.prism.shader.Solid_Color_Loader",
  "methods":[{"name":"loadShader","parameterTypes":["com.sun.prism.ps.ShaderFactory","java.io.InputStream"] }]
},
{
  "name":"com.sun.prism.shader.Solid_TextureFirstPassLCD_Loader",
  "methods":[{"name":"loadShader","parameterTypes":["com.sun.prism.ps.ShaderFactory","java.io.InputStream"] }]
},
{
  "name":"com.sun.prism.shader.Solid_TextureRGB_Loader",
  "methods":[{"name":"loadShader","parameterTypes":["com.sun.prism.ps.ShaderFactory","java.io.InputStream"] }]
},
{
  "name":"com.sun.prism.shader.Solid_TextureSecondPassLCD_Loader",
  "methods":[{"name":"loadShader","parameterTypes":["com.sun.prism.ps.ShaderFactory","java.io.InputStream"] }]
},
{
  "name":"com.sun.prism.shader.Texture_Color_Loader",
  "methods":[{"name":"loadShader","parameterTypes":["com.sun.prism.ps.ShaderFactory","java.io.InputStream"] }]
},
{
  "name":"com.sun.prism.shader.Texture_LinearGradient_PAD_Loader",
  "methods":[{"name":"loadShader","parameterTypes":["com.sun.prism.ps.ShaderFactory","java.io.InputStream"] }]
},
{
  "name":"com.sun.scenario.effect.impl.prism.PrRenderer",
  "methods":[{"name":"createRenderer","parameterTypes":["com.sun.scenario.effect.FilterContext"] }]
},
{
  "name":"com.sun.scenario.effect.impl.prism.ps.PPSBlend_DARKENPeer",
  "methods":[{"name":"<init>","parameterTypes":["com.sun.scenario.effect.FilterContext","com.sun.scenario.effect.impl.Renderer","java.lang.String"] }]
},
{
  "name":"com.sun.scenario.effect.impl.prism.ps.PPSBlend_SRC_INPeer",
  "methods":[{"name":"<init>","parameterTypes":["com.sun.scenario.effect.FilterContext","com.sun.scenario.effect.impl.Renderer","java.lang.String"] }]
},
{
  "name":"com.sun.scenario.effect.impl.prism.ps.PPSLinearConvolvePeer",
  "methods":[{"name":"<init>","parameterTypes":["com.sun.scenario.effect.FilterContext","com.sun.scenario.effect.impl.Renderer","java.lang.String"] }]
},
{
  "name":"com.sun.scenario.effect.impl.prism.ps.PPSLinearConvolveShadowPeer",
  "methods":[{"name":"<init>","parameterTypes":["com.sun.scenario.effect.FilterContext","com.sun.scenario.effect.impl.Renderer","java.lang.String"] }]
},
{
  "name":"com.sun.scenario.effect.impl.prism.ps.PPSRenderer",
  "methods":[{"name":"createRenderer","parameterTypes":["com.sun.scenario.effect.FilterContext"] }]
},
{
  "name":"com.sun.xml.internal.stream.XMLInputFactoryImpl",
  "methods":[{"name":"<init>","parameterTypes":[] }]
},
{
  "name":"java.lang.Character",
  "methods":[{"name":"isIdeographic","parameterTypes":["int"] }]
},
{
  "name":"java.lang.Class",
  "methods":[
    {"name":"getModule","parameterTypes":[] }, 
    {"name":"isRecord","parameterTypes":[] }
  ],
  "queriedMethods":[{"name":"getRecordComponents","parameterTypes":[] }]
},
{
  "name":"java.lang.Module",
  "queriedMethods":[{"name":"getResourceAsStream","parameterTypes":["java.lang.String"] }]
},
{
  "name":"java.lang.String"
},
{
  "name":"java.lang.reflect.RecordComponent",
  "queriedMethods":[
    {"name":"getName","parameterTypes":[] }, 
    {"name":"getType","parameterTypes":[] }
  ]
},
{
  "name":"java.nio.ByteBuffer",
  "methods":[{"name":"order","parameterTypes":["java.nio.ByteOrder"] }]
},
{
  "name":"java.nio.ByteOrder",
  "methods":[{"name":"nativeOrder","parameterTypes":[] }]
},
{
  "name":"java.security.AlgorithmParametersSpi"
},
{
  "name":"java.security.KeyStoreSpi"
},
{
  "name":"java.security.SecureRandomParameters"
},
{
  "name":"java.security.interfaces.ECPrivateKey"
},
{
  "name":"java.security.interfaces.ECPublicKey"
},
{
  "name":"java.security.interfaces.RSAPrivateKey"
},
{
  "name":"java.security.interfaces.RSAPublicKey"
},
{
  "name":"java.sql.Date"
},
{
  "name":"java.util.Date"
},
{
  "name":"javafx.animation.KeyValue"
},
{
  "name":"javafx.fxml.FXMLLoader"
},
{
  "name":"javafx.geometry.HPos",
  "methods":[{"name":"valueOf","parameterTypes":["java.lang.String"] }]
},
{
  "name":"javafx.geometry.Insets",
  "queryAllPublicMethods":true,
  "queryAllPublicConstructors":true,
  "methods":[
    {"name":"<init>","parameterTypes":["double"] }, 
    {"name":"<init>","parameterTypes":["double","double","double","double"] }
  ]
},
{
  "name":"javafx.geometry.NodeOrientation",
  "methods":[{"name":"valueOf","parameterTypes":["java.lang.String"] }]
},
{
  "name":"javafx.geometry.Pos",
  "methods":[{"name":"valueOf","parameterTypes":["java.lang.String"] }]
},
{
  "name":"javafx.geometry.Side",
  "methods":[{"name":"valueOf","parameterTypes":["java.lang.String"] }]
},
{
  "name":"javafx.geometry.VPos",
  "methods":[{"name":"valueOf","parameterTypes":["java.lang.String"] }]
},
{
  "name":"javafx.scene.Camera"
},
{
  "name":"javafx.scene.Cursor",
  "fields":[
    {"name":"HAND"}, 
    {"name":"OPEN_HAND"}
  ]
},
{
  "name":"javafx.scene.Group"
},
{
  "name":"javafx.scene.Node",
  "queryAllDeclaredMethods":true,
  "methods":[
    {"name":"getId","parameterTypes":[] }, 
    {"name":"setBlendMode","parameterTypes":["javafx.scene.effect.BlendMode"] }, 
    {"name":"setCursor","parameterTypes":["javafx.scene.Cursor"] }, 
    {"name":"setId","parameterTypes":["java.lang.String"] }, 
    {"name":"setLayoutX","parameterTypes":["double"] }, 
    {"name":"setLayoutY","parameterTypes":["double"] }, 
    {"name":"setNodeOrientation","parameterTypes":["javafx.geometry.NodeOrientation"] }, 
    {"name":"setOnMouseClicked","parameterTypes":["javafx.event.EventHandler"] }, 
    {"name":"setPickOnBounds","parameterTypes":["boolean"] }, 
    {"name":"setStyle","parameterTypes":["java.lang.String"] }, 
    {"name":"setVisible","parameterTypes":["boolean"] }
  ]
},
{
  "name":"javafx.scene.ParallelCamera"
},
{
  "name":"javafx.scene.Parent",
  "queryAllDeclaredMethods":true
},
{
  "name":"javafx.scene.Scene"
},
{
  "name":"javafx.scene.chart.Axis",
  "queryAllDeclaredMethods":true,
  "methods":[
    {"name":"setSide","parameterTypes":["javafx.geometry.Side"] }, 
    {"name":"setTickLabelsVisible","parameterTypes":["boolean"] }, 
    {"name":"setTickLength","parameterTypes":["double"] }
  ]
},
{
  "name":"javafx.scene.chart.BarChart",
  "queryAllDeclaredMethods":true,
  "queryAllPublicMethods":true,
  "queryAllPublicConstructors":true,
  "methods":[{"name":"<init>","parameterTypes":["javafx.scene.chart.Axis","javafx.scene.chart.Axis"] }]
},
{
  "name":"javafx.scene.chart.CategoryAxis",
  "queryAllDeclaredMethods":true,
  "queryAllPublicConstructors":true,
  "methods":[
    {"name":"<init>","parameterTypes":[] }, 
    {"name":"setEndMargin","parameterTypes":["double"] }, 
    {"name":"setStartMargin","parameterTypes":["double"] }
  ]
},
{
  "name":"javafx.scene.chart.Chart",
  "queryAllDeclaredMethods":true
},
{
  "name":"javafx.scene.chart.LineChart",
  "queryAllDeclaredMethods":true,
  "queryAllPublicMethods":true,
  "queryAllPublicConstructors":true,
  "methods":[{"name":"<init>","parameterTypes":["javafx.scene.chart.Axis","javafx.scene.chart.Axis"] }]
},
{
  "name":"javafx.scene.chart.NumberAxis",
  "queryAllDeclaredMethods":true,
  "queryAllPublicConstructors":true,
  "methods":[{"name":"<init>","parameterTypes":[] }]
},
{
  "name":"javafx.scene.chart.ValueAxis",
  "queryAllDeclaredMethods":true,
  "methods":[{"name":"setMinorTickCount","parameterTypes":["int"] }]
},
{
  "name":"javafx.scene.chart.XYChart",
  "queryAllDeclaredMethods":true
},
{
  "name":"javafx.scene.control.Button",
  "queryAllDeclaredMethods":true,
  "queryAllPublicConstructors":true,
  "methods":[{"name":"<init>","parameterTypes":[] }]
},
{
  "name":"javafx.scene.control.ButtonBase",
  "queryAllDeclaredMethods":true,
  "methods":[{"name":"setOnAction","parameterTypes":["javafx.event.EventHandler"] }]
},
{
  "name":"javafx.scene.control.ChoiceBox",
  "queryAllDeclaredMethods":true,
  "queryAllPublicConstructors":true,
  "methods":[{"name":"<init>","parameterTypes":[] }]
},
{
  "name":"javafx.scene.control.Control",
  "queryAllDeclaredMethods":true
},
{
  "name":"javafx.scene.control.Hyperlink",
  "queryAllDeclaredMethods":true,
  "queryAllPublicConstructors":true,
  "methods":[{"name":"<init>","parameterTypes":[] }]
},
{
  "name":"javafx.scene.control.Label",
  "queryAllDeclaredMethods":true,
  "queryAllPublicConstructors":true,
  "methods":[{"name":"<init>","parameterTypes":[] }]
},
{
  "name":"javafx.scene.control.Labeled",
  "queryAllDeclaredMethods":true,
  "methods":[
    {"name":"setAlignment","parameterTypes":["javafx.geometry.Pos"] }, 
    {"name":"setFont","parameterTypes":["javafx.scene.text.Font"] }, 
    {"name":"setMnemonicParsing","parameterTypes":["boolean"] }, 
    {"name":"setText","parameterTypes":["java.lang.String"] }, 
    {"name":"setTextFill","parameterTypes":["javafx.scene.paint.Paint"] }
  ]
},
{
  "name":"javafx.scene.control.PasswordField",
  "queryAllDeclaredMethods":true,
  "queryAllPublicConstructors":true,
  "methods":[{"name":"<init>","parameterTypes":[] }]
},
{
  "name":"javafx.scene.control.ScrollPane",
  "queryAllDeclaredMethods":true,
  "queryAllPublicConstructors":true,
  "methods":[
    {"name":"<init>","parameterTypes":[] }, 
    {"name":"getContent","parameterTypes":[] }, 
    {"name":"setContent","parameterTypes":["javafx.scene.Node"] }, 
    {"name":"setFitToHeight","parameterTypes":["boolean"] }, 
    {"name":"setFitToWidth","parameterTypes":["boolean"] }
  ]
},
{
  "name":"javafx.scene.control.TableColumn",
  "queryAllDeclaredMethods":true,
  "queryAllPublicConstructors":true,
  "methods":[{"name":"<init>","parameterTypes":[] }]
},
{
  "name":"javafx.scene.control.TableColumnBase",
  "queryAllDeclaredMethods":true,
  "methods":[
    {"name":"setPrefWidth","parameterTypes":["double"] }, 
    {"name":"setText","parameterTypes":["java.lang.String"] }
  ]
},
{
  "name":"javafx.scene.control.TableView",
  "queryAllDeclaredMethods":true,
  "queryAllPublicConstructors":true,
  "methods":[
    {"name":"<init>","parameterTypes":[] }, 
    {"name":"getColumns","parameterTypes":[] }, 
    {"name":"setTableMenuButtonVisible","parameterTypes":["boolean"] }
  ]
},
{
  "name":"javafx.scene.control.TextField",
  "queryAllDeclaredMethods":true,
  "queryAllPublicConstructors":true,
  "methods":[{"name":"<init>","parameterTypes":[] }]
},
{
  "name":"javafx.scene.control.TextInputControl",
  "queryAllDeclaredMethods":true,
  "methods":[
    {"name":"setFont","parameterTypes":["javafx.scene.text.Font"] }, 
    {"name":"setPromptText","parameterTypes":["java.lang.String"] }
  ]
},
{
  "name":"javafx.scene.control.TreeView",
  "queryAllDeclaredMethods":true,
  "queryAllPublicConstructors":true,
  "methods":[{"name":"<init>","parameterTypes":[] }]
},
{
  "name":"javafx.scene.effect.BlendMode",
  "methods":[{"name":"valueOf","parameterTypes":["java.lang.String"] }]
},
{
  "name":"javafx.scene.effect.Effect"
},
{
  "name":"javafx.scene.image.Image"
},
{
  "name":"javafx.scene.image.ImageView",
  "queryAllDeclaredMethods":true,
  "queryAllPublicConstructors":true,
  "methods":[
    {"name":"<init>","parameterTypes":[] }, 
    {"name":"setFitHeight","parameterTypes":["double"] }, 
    {"name":"setFitWidth","parameterTypes":["double"] }, 
    {"name":"setImage","parameterTypes":["javafx.scene.image.Image"] }, 
    {"name":"setPreserveRatio","parameterTypes":["boolean"] }
  ]
},
{
  "name":"javafx.scene.input.Clipboard"
},
{
  "name":"javafx.scene.layout.AnchorPane",
  "queryAllDeclaredMethods":true,
  "queryAllPublicConstructors":true,
  "methods":[
    {"name":"<init>","parameterTypes":[] }, 
    {"name":"setBottomAnchor","parameterTypes":["javafx.scene.Node","java.lang.Double"] }, 
    {"name":"setLeftAnchor","parameterTypes":["javafx.scene.Node","java.lang.Double"] }, 
    {"name":"setRightAnchor","parameterTypes":["javafx.scene.Node","java.lang.Double"] }, 
    {"name":"setTopAnchor","parameterTypes":["javafx.scene.Node","java.lang.Double"] }
  ],
  "queriedMethods":[
    {"name":"getBottomAnchor","parameterTypes":["javafx.scene.Node"] }, 
    {"name":"getLeftAnchor","parameterTypes":["javafx.scene.Node"] }, 
    {"name":"getRightAnchor","parameterTypes":["javafx.scene.Node"] }, 
    {"name":"getTopAnchor","parameterTypes":["javafx.scene.Node"] }
  ]
},
{
  "name":"javafx.scene.layout.BorderPane",
  "queryAllDeclaredMethods":true,
  "methods":[
    {"name":"getCenter","parameterTypes":[] }, 
    {"name":"setAlignment","parameterTypes":["javafx.scene.Node","javafx.geometry.Pos"] }, 
    {"name":"setBottom","parameterTypes":["javafx.scene.Node"] }, 
    {"name":"setCenter","parameterTypes":["javafx.scene.Node"] }, 
    {"name":"setLeft","parameterTypes":["javafx.scene.Node"] }, 
    {"name":"setRight","parameterTypes":["javafx.scene.Node"] }, 
    {"name":"setTop","parameterTypes":["javafx.scene.Node"] }
  ],
  "queriedMethods":[{"name":"getAlignment","parameterTypes":["javafx.scene.Node"] }]
},
{
  "name":"javafx.scene.layout.ColumnConstraints",
  "queryAllDeclaredMethods":true,
  "queryAllPublicConstructors":true,
  "methods":[
    {"name":"<init>","parameterTypes":[] }, 
    {"name":"setHalignment","parameterTypes":["javafx.geometry.HPos"] }, 
    {"name":"setHgrow","parameterTypes":["javafx.scene.layout.Priority"] }, 
    {"name":"setMaxWidth","parameterTypes":["double"] }, 
    {"name":"setMinWidth","parameterTypes":["double"] }, 
    {"name":"setPrefWidth","parameterTypes":["double"] }
  ]
},
{
  "name":"javafx.scene.layout.ConstraintsBase",
  "queryAllDeclaredMethods":true
},
{
  "name":"javafx.scene.layout.GridPane",
  "queryAllDeclaredMethods":true,
  "queryAllPublicConstructors":true,
  "methods":[
    {"name":"<init>","parameterTypes":[] }, 
    {"name":"getColumnConstraints","parameterTypes":[] }, 
    {"name":"getRowConstraints","parameterTypes":[] }, 
    {"name":"setAlignment","parameterTypes":["javafx.geometry.Pos"] }, 
    {"name":"setColumnIndex","parameterTypes":["javafx.scene.Node","java.lang.Integer"] }, 
    {"name":"setHgap","parameterTypes":["double"] }, 
    {"name":"setRowIndex","parameterTypes":["javafx.scene.Node","java.lang.Integer"] }, 
    {"name":"setVgap","parameterTypes":["double"] }
  ],
  "queriedMethods":[
    {"name":"getColumnIndex","parameterTypes":["javafx.scene.Node"] }, 
    {"name":"getRowIndex","parameterTypes":["javafx.scene.Node"] }
  ]
},
{
  "name":"javafx.scene.layout.HBox",
  "queryAllDeclaredMethods":true,
  "queryAllPublicConstructors":true,
  "methods":[{"name":"<init>","parameterTypes":[] }]
},
{
  "name":"javafx.scene.layout.Pane",
  "queryAllDeclaredMethods":true,
  "queryAllPublicConstructors":true,
  "methods":[
    {"name":"<init>","parameterTypes":[] }, 
    {"name":"getChildren","parameterTypes":[] }
  ]
},
{
  "name":"javafx.scene.layout.Priority",
  "methods":[{"name":"valueOf","parameterTypes":["java.lang.String"] }]
},
{
  "name":"javafx.scene.layout.Region",
  "queryAllDeclaredMethods":true,
  "methods":[
    {"name":"setMaxHeight","parameterTypes":["double"] }, 
    {"name":"setMaxWidth","parameterTypes":["double"] }, 
    {"name":"setMinHeight","parameterTypes":["double"] }, 
    {"name":"setMinWidth","parameterTypes":["double"] }, 
    {"name":"setPadding","parameterTypes":["javafx.geometry.Insets"] }, 
    {"name":"setPrefHeight","parameterTypes":["double"] }, 
    {"name":"setPrefWidth","parameterTypes":["double"] }
  ]
},
{
  "name":"javafx.scene.layout.RowConstraints",
  "queryAllDeclaredMethods":true,
  "queryAllPublicConstructors":true,
  "methods":[
    {"name":"<init>","parameterTypes":[] }, 
    {"name":"setMaxHeight","parameterTypes":["double"] }, 
    {"name":"setMinHeight","parameterTypes":["double"] }, 
    {"name":"setPrefHeight","parameterTypes":["double"] }, 
    {"name":"setValignment","parameterTypes":["javafx.geometry.VPos"] }, 
    {"name":"setVgrow","parameterTypes":["javafx.scene.layout.Priority"] }
  ]
},
{
  "name":"javafx.scene.layout.StackPane",
  "queryAllDeclaredMethods":true,
  "queryAllPublicConstructors":true,
  "methods":[
    {"name":"<init>","parameterTypes":[] }, 
    {"name":"setAlignment","parameterTypes":["javafx.geometry.Pos"] }, 
    {"name":"setAlignment","parameterTypes":["javafx.scene.Node","javafx.geometry.Pos"] }
  ],
  "queriedMethods":[{"name":"getAlignment","parameterTypes":["javafx.scene.Node"] }]
},
{
  "name":"javafx.scene.layout.VBox",
  "queryAllDeclaredMethods":true,
  "queryAllPublicConstructors":true,
  "methods":[
    {"name":"<init>","parameterTypes":[] }, 
    {"name":"setAlignment","parameterTypes":["javafx.geometry.Pos"] }, 
    {"name":"setMargin","parameterTypes":["javafx.scene.Node","javafx.geometry.Insets"] }
  ]
},
{
  "name":"javafx.scene.paint.Paint",
  "methods":[{"name":"valueOf","parameterTypes":["java.lang.String"] }]
},
{
  "name":"javafx.scene.shape.Circle"
},
{
  "name":"javafx.scene.shape.ClosePath"
},
{
  "name":"javafx.scene.shape.Line"
},
{
  "name":"javafx.scene.shape.LineTo"
},
{
  "name":"javafx.scene.shape.MoveTo"
},
{
  "name":"javafx.scene.shape.Path"
},
{
  "name":"javafx.scene.shape.PathElement"
},
{
  "name":"javafx.scene.shape.Rectangle"
},
{
  "name":"javafx.scene.shape.SVGPath"
},
{
  "name":"javafx.scene.shape.Shape",
  "queryAllDeclaredMethods":true,
  "methods":[
    {"name":"setFill","parameterTypes":["javafx.scene.paint.Paint"] }, 
    {"name":"setStrokeType","parameterTypes":["javafx.scene.shape.StrokeType"] }, 
    {"name":"setStrokeWidth","parameterTypes":["double"] }
  ]
},
{
  "name":"javafx.scene.shape.StrokeType",
  "methods":[{"name":"valueOf","parameterTypes":["java.lang.String"] }]
},
{
  "name":"javafx.scene.text.Font"
},
{
  "name":"javafx.scene.text.Text",
  "queryAllDeclaredMethods":true,
  "queryAllPublicConstructors":true,
  "methods":[
    {"name":"<init>","parameterTypes":[] }, 
    {"name":"setFont","parameterTypes":["javafx.scene.text.Font"] }, 
    {"name":"setText","parameterTypes":["java.lang.String"] }, 
    {"name":"setWrappingWidth","parameterTypes":["double"] }, 
    {"name":"setX","parameterTypes":["double"] }
  ]
},
{
  "name":"javafx.scene.transform.Transform"
},
{
  "name":"javafx.stage.PopupWindow"
},
{
  "name":"javafx.stage.Stage"
},
{
  "name":"javafx.stage.Window"
},
{
  "name":"javax.security.auth.x500.X500Principal",
  "fields":[{"name":"thisX500Name"}],
  "methods":[{"name":"<init>","parameterTypes":["sun.security.x509.X500Name"] }]
},
{
  "name":"sun.misc.Unsafe",
  "fields":[{"name":"theUnsafe"}]
},
{
  "name":"sun.security.pkcs12.PKCS12KeyStore",
  "methods":[{"name":"<init>","parameterTypes":[] }]
},
{
  "name":"sun.security.pkcs12.PKCS12KeyStore$DualFormatPKCS12",
  "methods":[{"name":"<init>","parameterTypes":[] }]
},
{
  "name":"sun.security.provider.DSA$SHA224withDSA",
  "methods":[{"name":"<init>","parameterTypes":[] }]
},
{
  "name":"sun.security.provider.DSA$SHA256withDSA",
  "methods":[{"name":"<init>","parameterTypes":[] }]
},
{
  "name":"sun.security.provider.JavaKeyStore$DualFormatJKS",
  "methods":[{"name":"<init>","parameterTypes":[] }]
},
{
  "name":"sun.security.provider.JavaKeyStore$JKS",
  "methods":[{"name":"<init>","parameterTypes":[] }]
},
{
  "name":"sun.security.provider.MD5",
  "methods":[{"name":"<init>","parameterTypes":[] }]
},
{
  "name":"sun.security.provider.NativePRNG",
  "methods":[{"name":"<init>","parameterTypes":[] }]
},
{
  "name":"sun.security.provider.SHA",
  "methods":[{"name":"<init>","parameterTypes":[] }]
},
{
  "name":"sun.security.provider.SHA2$SHA224",
  "methods":[{"name":"<init>","parameterTypes":[] }]
},
{
  "name":"sun.security.provider.SHA2$SHA256",
  "methods":[{"name":"<init>","parameterTypes":[] }]
},
{
  "name":"sun.security.provider.SHA5$SHA384",
  "methods":[{"name":"<init>","parameterTypes":[] }]
},
{
  "name":"sun.security.provider.SHA5$SHA512",
  "methods":[{"name":"<init>","parameterTypes":[] }]
},
{
  "name":"sun.security.provider.X509Factory",
  "methods":[{"name":"<init>","parameterTypes":[] }]
},
{
  "name":"sun.security.provider.certpath.PKIXCertPathValidator",
  "methods":[{"name":"<init>","parameterTypes":[] }]
},
{
  "name":"sun.security.rsa.PSSParameters",
  "methods":[{"name":"<init>","parameterTypes":[] }]
},
{
  "name":"sun.security.rsa.RSAKeyFactory$Legacy",
  "methods":[{"name":"<init>","parameterTypes":[] }]
},
{
  "name":"sun.security.rsa.RSAPSSSignature",
  "methods":[{"name":"<init>","parameterTypes":[] }]
},
{
  "name":"sun.security.rsa.RSASignature$SHA224withRSA",
  "methods":[{"name":"<init>","parameterTypes":[] }]
},
{
  "name":"sun.security.rsa.RSASignature$SHA256withRSA",
  "methods":[{"name":"<init>","parameterTypes":[] }]
},
{
  "name":"sun.security.ssl.KeyManagerFactoryImpl$SunX509",
  "methods":[{"name":"<init>","parameterTypes":[] }]
},
{
  "name":"sun.security.ssl.SSLContextImpl$DefaultSSLContext",
  "methods":[{"name":"<init>","parameterTypes":[] }]
},
{
  "name":"sun.security.ssl.TrustManagerFactoryImpl$PKIXFactory",
  "methods":[{"name":"<init>","parameterTypes":[] }]
},
{
  "name":"sun.security.util.ObjectIdentifier"
},
{
  "name":"sun.security.x509.AuthorityInfoAccessExtension",
  "methods":[{"name":"<init>","parameterTypes":["java.lang.Boolean","java.lang.Object"] }]
},
{
  "name":"sun.security.x509.AuthorityKeyIdentifierExtension",
  "methods":[{"name":"<init>","parameterTypes":["java.lang.Boolean","java.lang.Object"] }]
},
{
  "name":"sun.security.x509.BasicConstraintsExtension",
  "methods":[{"name":"<init>","parameterTypes":["java.lang.Boolean","java.lang.Object"] }]
},
{
  "name":"sun.security.x509.CRLDistributionPointsExtension",
  "methods":[{"name":"<init>","parameterTypes":["java.lang.Boolean","java.lang.Object"] }]
},
{
  "name":"sun.security.x509.CertificateExtensions"
},
{
  "name":"sun.security.x509.CertificatePoliciesExtension",
  "methods":[{"name":"<init>","parameterTypes":["java.lang.Boolean","java.lang.Object"] }]
},
{
  "name":"sun.security.x509.ExtendedKeyUsageExtension",
  "methods":[{"name":"<init>","parameterTypes":["java.lang.Boolean","java.lang.Object"] }]
},
{
  "name":"sun.security.x509.IssuerAlternativeNameExtension",
  "methods":[{"name":"<init>","parameterTypes":["java.lang.Boolean","java.lang.Object"] }]
},
{
  "name":"sun.security.x509.KeyUsageExtension",
  "methods":[{"name":"<init>","parameterTypes":["java.lang.Boolean","java.lang.Object"] }]
},
{
  "name":"sun.security.x509.NetscapeCertTypeExtension",
  "methods":[{"name":"<init>","parameterTypes":["java.lang.Boolean","java.lang.Object"] }]
},
{
  "name":"sun.security.x509.PrivateKeyUsageExtension",
  "methods":[{"name":"<init>","parameterTypes":["java.lang.Boolean","java.lang.Object"] }]
},
{
  "name":"sun.security.x509.SubjectAlternativeNameExtension",
  "methods":[{"name":"<init>","parameterTypes":["java.lang.Boolean","java.lang.Object"] }]
},
{
  "name":"sun.security.x509.SubjectKeyIdentifierExtension",
  "methods":[{"name":"<init>","parameterTypes":["java.lang.Boolean","java.lang.Object"] }]
}
]
