{
  "resources":{
  "includes":[
    {
      "pattern":"\\Qcom/gluonMobile/style.css\\E"
    }, 
    {
      "pattern":"\\Qcom/gluonMobile/views/Api.fxml\\E"
    }, 
    {
      "pattern":"\\Qcom/gluonMobile/views/Registration.css\\E"
    }, 
    {
      "pattern":"\\Qcom/gluonMobile/views/Registration.fxml\\E"
    }, 
    {
      "pattern":"\\Qcom/gluonMobile/views/api.css\\E"
    }, 
    {
      "pattern":"\\Qcom/gluonMobile/views/dashboard.fxml\\E"
    }, 
    {
      "pattern":"\\Qcom/gluonMobile/views/icons/person.jpg\\E"
    }, 
    {
      "pattern":"\\Qcom/gluonMobile/views/login.fxml\\E"
    }, 
    {
      "pattern":"\\Qcom/gluonMobile/views/scrapping.fxml\\E"
    }, 
    {
      "pattern":"\\Qcom/gluonhq/charm/glisten/G_Blue_500_58x58.png\\E"
    }, 
    {
      "pattern":"\\Qcom/gluonhq/charm/glisten/control/glisten.css\\E"
    }, 
    {
      "pattern":"\\Qcom/gluonhq/charm/glisten/control/swatch_blue.css\\E"
    }, 
    {
      "pattern":"\\Qcom/gluonhq/charm/glisten/control/swatch_light_blue.css\\E"
    }, 
    {
      "pattern":"\\Qcom/gluonhq/charm/glisten/control/theme_light.css\\E"
    }, 
    {
      "pattern":"\\Qcom/gluonmobile/style.css\\E"
    }, 
    {
      "pattern":"\\Qcom/gluonmobile/views/Api.fxml\\E"
    }, 
    {
      "pattern":"\\Qcom/gluonmobile/views/api.fxml\\E"
    }, 
    {
      "pattern":"\\Qcom/gluonmobile/views/login.fxml\\E"
    }, 
    {
      "pattern":"\\Qcom/gluonmobile/views/scrapping.fxml\\E"
    }, 
    {
      "pattern":"\\Qicon.png\\E"
    }
  ]},
  "bundles":[
    {
      "name":"com.sun.javafx.tk.quantum.QuantumMessagesBundle",
      "locales":[
        "", 
        "und"
      ]
    }, 
    {
      "name":"com/sun/javafx/scene/control/skin/resources/controls",
      "locales":[
        "", 
        "und"
      ]
    }
  ]
}
